request_id,timestamp,latency,tokens_used,confidence,error_status,anomaly,reliability_score,root_cause,severity,ai_explanation,recommendation,gemini_analysis
1,10:00,1.2,450,0.91,0,Normal,95.5,System operating normally,Low,"System operating within expected limits.
No immediate action required.",No action required.,"**Root Cause:**  
The system is operating within healthy, baseline parameters. High reliability (95.5%) and ""Normal"" anomaly status confirm there is no actual performance degradation. The stable latency (1.2) and high confidence score (0.91) indicate this is a benign event or false-positive trigger.

**Corrective Action:**  
No immediate technical intervention is required. Close the incident ticket. To prevent future alert fatigue, review and fine-tune the dynamic threshold settings in your AIOps platform to better align with normal operating baselines."
2,10:01,1.1,430,0.92,0,Normal,96.0,System operating normally,Low,"System operating within expected limits.
No immediate action required.",No action required.,"**Root Cause Explanation**  
The system is operating healthily within baseline parameters. With high reliability (96.0%), minimal latency (1.1), and a ""Normal"" anomaly status, there is no active incident or performance degradation. 

**Recommended Corrective Action**  
No corrective action is required. Maintain current configurations and continue routine, automated AIOps observability monitoring to ensure long-term stability."
3,10:02,4.5,1200,0.45,1,Anomaly,42.5,High latency due to retrieval delay | Low confidence due to insufficient evidence | Excessive token consumption | System/API failure detected,Critical,"Critical incident detected.
High latency and low confidence indicate
possible retrieval failure or system instability.
Immediate investigation is recommended.","Reduce retrieval latency,
verify medical knowledge base,
and investigate API failures.","**Root Cause:**
The critical latency spike (4.5s) and low reliability (42.5) indicate severe resource saturation, likely due to database connection pool exhaustion or a failing downstream microservice. The low confidence (0.45) suggests a novel anomaly pattern.

**Recommended Corrective Action:**
1. **Isolate:** Trigger circuit breakers to prevent cascading failures.
2. **Mitigate:** Auto-scale the application tier and temporarily throttle non-critical traffic.
3. **Resolve:** Inspect database lock waits and thread pool usage to clear the bottleneck."
4,10:03,1.3,410,0.9,0,Normal,95.0,System operating normally,Low,"System operating within expected limits.
No immediate action required.",No action required.,"**Root Cause:** 
No active incident. All telemetry indicates the system is performing healthily within nominal baselines (Latency: 1.3, Anomaly: Normal) with high reliability (95%). 

**Corrective Action:** 
No infrastructure mitigation is required. To prevent alert fatigue, optimize your AIOps platform's alerting thresholds to suppress notifications for non-anomalous, low-severity events. Standard observability monitoring should continue."
5,10:04,1.0,390,0.95,0,Normal,97.5,System operating normally,Low,"System operating within expected limits.
No immediate action required.",No action required.,"**Root Cause**
No incident or anomaly is detected. With a high reliability score of 97.5% and low latency, the system is operating within healthy baseline parameters. The ""Low"" severity and ""Normal"" classification are validated with 95% confidence.

**Recommended Corrective Action**
No corrective action is required. Continue standard automated monitoring, maintain current configurations, and use this stable telemetry to further refine AIOps baseline models."
6,10:05,5.2,1500,0.4,1,Normal,40.0,High latency due to retrieval delay | Low confidence due to insufficient evidence | Excessive token consumption | System/API failure detected,Critical,"Critical incident detected.
High latency and low confidence indicate
possible retrieval failure or system instability.
Immediate investigation is recommended.","Reduce retrieval latency,
verify medical knowledge base,
and investigate API failures.","**Root Cause:**
Telemetry data degradation (Reliability: 40.0) caused the ML model to fail. Consequently, the AI misclassified a critical latency spike (5.2) as ""Normal"" with low confidence (0.4), indicating model drift, bad baselines, or corrupted input metrics.

**Recommended Corrective Action:**
1. **Immediate:** Manually investigate the infrastructure/application for the actual latency spike.
2. **Telemetry:** Audit and restore the monitoring data pipeline to resolve the low reliability score.
3. **AI/ML:** Recalibrate the anomaly detection thresholds and retrain the model with updated performance baselines."
7,10:06,1.4,470,0.89,0,Normal,94.5,System operating normally,Low,"System operating within expected limits.
No immediate action required.",No action required.,"**Root Cause:** 
The system is operating within its normal baseline. The latency of 1.4 is non-anomalous, supported by a high reliability score (94.5) and low severity. No performance degradation or incident has occurred.

**Recommended Corrective Action:** 
No corrective action is required. Auto-resolve any associated low-priority alerts, maintain standard observability, and continue routine system monitoring."
8,10:07,6.1,1800,0.35,1,Anomaly,37.5,High latency due to retrieval delay | Low confidence due to insufficient evidence | Excessive token consumption | System/API failure detected,Critical,"Critical incident detected.
High latency and low confidence indicate
possible retrieval failure or system instability.
Immediate investigation is recommended.","Reduce retrieval latency,
verify medical knowledge base,
and investigate API failures.","**Root Cause:**
Severe resource starvation (such as CPU/Memory exhaustion or database connection pool depletion) is causing extreme latency (6.1s). The low confidence (0.35) and reliability (37.5) scores indicate telemetry degradation, likely due to monitoring agents failing to report under heavy system load.

**Corrective Actions:**
1. **Immediate:** Force-restart affected service instances to clear hung threads and free up resources.
2. **Mitigation:** Apply rate limiting/traffic shedding to prevent cascading failures.
3. **Investigation:** Analyze JVM thread dumps and active database sessions to pinpoint the exact bottleneck or deadlock."
9,10:08,1.1,420,0.94,0,Normal,97.0,System operating normally,Low,"System operating within expected limits.
No immediate action required.",No action required.,"**Root Cause Explanation**
There is no active incident or performance degradation. The system is operating within its healthy baseline parameters, characterized by stable latency (1.1), a ""Normal"" anomaly status, low severity, and a high reliability score of 97.0% (backed by 94% confidence). 

**Recommended Corrective Action**
No corrective action or manual intervention is required. Recommend continuing automated observation, maintaining current alerting thresholds, and archiving this event as a false-positive flag or normal operational baseline."
10,10:09,1.3,440,0.9,0,Normal,95.0,System operating normally,Low,"System operating within expected limits.
No immediate action required.",No action required.,"**Root Cause:** 
The system is operating normally within acceptable baselines. With low latency (1.3), a high reliability score (95.0%), and ""Normal"" anomaly status, there is no active system degradation. This alert is a false positive.

**Corrective Action:** 
No immediate technical mitigation is required. Recommend tuning the AIOps alerting thresholds and sensitivity rules to prevent future noise and false alarms for standard operational telemetry."
